,test_precision,test_recall,test_F1,test_AUROC
With,0.9816363636363636,0.9780000000000001,0.9786800334168758,0.9879012345679014
No,0.7749981684981686,0.6802222222222223,0.7194422553710479,0.7950864197530866
only,0.9816363636363636,0.9780000000000001,0.9786800334168758,0.9978888888888889
