"",avg,range_low,range_high
grumaz,15.4370833333333,0,88.39
kapusta,0.00646341463414634,0,0.25
karius,98.1694076655052,36.62,99.85
